{
  "rmse": 27181330.999422703,
  "mae": 11187554.119186977
}