{
  "accuracy": 0.9333333333333333,
  "f1_macro": 0.9333333333333332
}